Common Name,Species,Photo
Cassowary Pine,<a href = https://apps.lucidcentral.org/rainforest/text/entities/barringtonia_calyptrata.htm><i>Barringtonia calyptrata</i></a>,<img src='Barringtonia calyptrata_photo.jpg' width='100'/>
Red Touriga,<a href = https://apps.lucidcentral.org/rainforest/text/entities/calophyllum_costatum.htm><i>Calophyllum costatum</i></a>,<img src='Calophyllum costatum_photo.jpg' width='100'/>
Brown Tamarind,<a href = https://apps.lucidcentral.org/rainforest/text/entities/castanospora_alphandii.htm><i>Castanospora alphandii</i></a>,<img src='Castanospora alphandii_photo.jpg' width='100'/>
Cassowary Plum,<a href = https://apps.lucidcentral.org/rainforest/text/entities/cerbera_floribunda.htm><i>Cerbera floribunda</i></a>,<img src='Cerbera floribunda_photo.jpg' width='100'/>
Cribwood,<a href = https://apps.lucidcentral.org/rainforest/text/entities/corynocarpus_cribbianus.htm><i>Corynocarpus cribbianus</i></a>,<img src='Corynocarpus cribbianus_photo.jpg' width='100'/>
Bolly Silkwood,<a href = https://apps.lucidcentral.org/rainforest/text/entities/cryptocarya_oblata.htm><i>Cryptocarya oblata</i></a>,<img src='Cryptocarya oblata_photo.jpg' width='100'/>
Poison Laurel,<a href = https://apps.lucidcentral.org/rainforest/text/entities/cryptocarya_pleurosperma.htm><i>Cryptocarya pleurosperma</i></a>,<img src='Cryptocarya pleurosperma_photo.jpg' width='100'/>
Quandong,<a href = https://apps.lucidcentral.org/rainforest/text/entities/elaeocarpus_bancroftii.htm><i>Elaeocarpus bancroftii</i></a>,<img src='Elaeocarpus bancroftii_photo.jpg' width='100'/>
Brown Walnut,<a href = https://apps.lucidcentral.org/rainforest/text/entities/endiandra_montana.htm><i>Endiandra montana</i></a>,<img src='Endiandra montana_photo.jpg' width='100'/>
Glory Vine,<a href = https://apps.lucidcentral.org/rainforest/text/entities/oxera_splendida.htm><i>Faradaya splendida</i></a>,<img src='Faradaya splendida_photo.jpg' width='100'/>
Canary Beech,<a href = https://apps.lucidcentral.org/rainforest/text/entities/monoon_michaelii.htm><i>Monoon michaelii</i></a>,<img src='Monoon michaelii_photo.jpg' width='100'/>
Almondbark,<a href = https://apps.lucidcentral.org/rainforest/text/entities/prunus_turneriana.htm><i>Prunus turneriana</i></a>,<img src='Prunus turneriana_photo.jpg' width='100'/>
Watergum,<a href = https://apps.lucidcentral.org/rainforest/text/entities/syzygium_cormiflorum.htm><i>Syzygium cormiflorum</i></a>,<img src='Syzygium cormiflorum_photo.jpg' width='100'/>
Cassowary Satinash,<a href = https://apps.lucidcentral.org/rainforest/text/entities/syzygium_divaricatum.htm><i>Syzygium divaricatum</i></a>,<img src='Syzygium divaricatum_photo.jpg' width='100'/>
Cherry Penda,<a href = https://apps.lucidcentral.org/rainforest/text/entities/syzygium_kuranda.htm><i>Syzygium kuranda</i></a>,<img src='Syzygium kuranda_photo.jpg' width='100'/>
